,,,,,,,
,1,Osmia,lignaria,unknown,m,right,4
,2,Osmia,lignaria,unknown,m,right,4
,3,Osmia,lignaria,unknown,f,right,4
,4,Osmia,lignaria,unknown,f,right,4
,5,Osmia,ribifloris,unknown,f,right,4
,6,Osmia,ribifloris,unknown,f,right,4
,7,Osmia,ribifloris,unknown,m,right,4
,8,Osmia,ribifloris,unknown,m,right,4
,13,Osmia,texana,unknown,m,right,4
,14,Osmia,texana,unknown,m,right,4
,15,Osmia,texana,unknown,f,right,4
,16,Osmia,texana,unknown,f,right,4
,55,Osmia,pusilla,unknown,m,right,4
,56,Osmia,pusilla,unknown,m,right,4
,60,Lasioglossum,nymphaerum,unknown,f,left,4
,64,Lasioglossum,nymphaerum,unknown,f,left,4
,64,Lasioglossum,nymphaerum,unknown,f,right,4
,68,Lasioglossum,nymphaerum,unknown,f,left,4
,68,Lasioglossum,nymphaerum,unknown,f,right,4
,1,Lasioglossum,leucozonium,unknown,f,left,3.2
,1,Lasioglossum,leucozonium,unknown,f,right,3.2
,1007,Lasioglossum,leucozonium,unknown,f,left,3.2
,1007,Lasioglossum,leucozonium,unknown,f,right,3.2
,1015,Lasioglossum,pilosum,unknown,f,left,4
,1015,Lasioglossum,pilosum,unknown,f,right,4
,1019,Agapostemon,texanus,unknown,f,left,3.2
,1019,Agapostemon,texanus,unknown,f,right,3.2
,102,Lasioglossum,rohweri,unknown,f,left,4
,102,Lasioglossum,rohweri,unknown,f,right,4
,1022,Agapostemon,sericeus,unknown,f,left,2.5
,1022,Agapostemon,sericeus,unknown,f,right,2.5
,1025,Agapostemon,sericeus,unknown,f,left,3.2
,1025,Agapostemon,sericeus,unknown,f,right,3.2
,1026,Agapostemon,sericeus,unknown,f,left,3.2
,1026,Agapostemon,sericeus,unknown,f,right,3.2
,1030,Agapostemon,sericeus,unknown,f,left,3.2
,1030,Agapostemon,sericeus,unknown,f,right,3.2
,1034,Agapostemon,sericeus,unknown,f,left,3.2
,1034,Agapostemon,sericeus,unknown,f,right,3.2
,1038,Lasioglossum,zonulum,unknown,f,left,4
,1038,Lasioglossum,zonulum,unknown,f,right,4
,1042,Lasioglossum,zonulum,unknown,f,left,4
,1042,Lasioglossum,zonulum,unknown,f,right,4
,1045,Lasioglossum,rohweri,unknown,f,left,4
,1045,Lasioglossum,rohweri,unknown,f,right,4
,105,Lasioglossum,pilosum,unknown,f,left,4
,105,Lasioglossum,pilosum,unknown,f,right,4
,106,Lasioglossum,zephyrum,unknown,f,left,4
,106,Lasioglossum,zephyrum,unknown,f,right,4
,1062,Agapostemon,texanus,unknown,f,left,3.2
,1062,Agapostemon,texanus,unknown,f,right,3.2
,1066,Agapostemon,texanus,unknown,f,left,3.2
,1066,Agapostemon,texanus,unknown,f,right,3.2
,107,Lasioglossum,MAWIspB,unknown,f,left,4
,107,Lasioglossum,MAWIspB,unknown,f,right,4
,1073,Lasioglossum,acuminatum,unknown,f,left,3.2
,1073,Lasioglossum,acuminatum,unknown,f,right,3.2
,1075,Lasioglossum,zonulum,unknown,f,left,3.2
,1075,Lasioglossum,zonulum,unknown,f,right,4
,1077,Lasioglossum,rohweri,unknown,f,left,4
,1077,Lasioglossum,rohweri,unknown,f,right,4
,1079,Lasioglossum,rohweri,unknown,f,left,4
,1080,Lasioglossum,rohweri,unknown,f,left,4
,1080,Lasioglossum,rohweri,unknown,f,right,4
,1086,Lasioglossum,rohweri,unknown,f,right,4
,1091,Lasioglossum,rohweri,unknown,f,left,4
,1091,Lasioglossum,rohweri,unknown,f,right,4
,1093,Lasioglossum,pilosum,unknown,f,left,4
,1093,Lasioglossum,pilosum,unknown,f,right,4
,1094,Lasioglossum,MAWIspB,unknown,f,left,4
,1094,Lasioglossum,MAWIspB,unknown,f,right,4
,1096,Bombus,griseocolis,unknown,f,left,1.6
,1096,Bombus,griseocolis,unknown,f,right,1.6
,1097,Bombus,griseocolis,unknown,f,left,1.6
,1097,Bombus,griseocolis,unknown,f,right,1.6
,1097,Lasioglossum,pilosum,unknown,f,right,4
,1098,Lasioglossum,rohweri,unknown,f,left,4
,1099,Lasioglossum,MAWIspB,unknown,f,left,4
,110,Lasioglossum,nymphaerum,unknown,f,left,4
,110,Lasioglossum,nymphaerum,unknown,f,right,4
,1115,Lasioglossum,rohweri,unknown,f,left,4
,1115,Lasioglossum,rohweri,unknown,f,right,4
,1117,Osmia,lignaria,lignaria,f,right,4
,1118,Osmia,lignaria,lignaria,f,right,4
,1119,Osmia,lignaria,lignaria,f,right,4
,112,Lasioglossum,leucozonium,unknown,f,left,3.2
,112,Lasioglossum,leucozonium,unknown,f,right,3.2
,1120,Osmia,lignaria,lignaria,f,right,4
,1122,Osmia,lignaria,lignaria,f,right,4
,1123,Osmia,lignaria,lignaria,f,right,4
,1124,Osmia,lignaria,lignaria,f,right,4
,1125,Osmia,lignaria,lignaria,f,right,4
,1126,Lasioglossum,acuminatum,unknown,f,left,3.2
,1126,Lasioglossum,acuminatum,unknown,f,right,3.2
,1126,Osmia,lignaria,lignaria,f,right,4
,1127,Osmia,lignaria,lignaria,f,right,4
,1128,Osmia,lignaria,lignaria,f,right,4
,1129,Osmia,lignaria,lignaria,f,right,4
,1131,Osmia,lignaria,lignaria,f,right,4
,1132,Osmia,lignaria,lignaria,f,right,4
,1133,Osmia,lignaria,lignaria,f,right,4
,1134,Osmia,lignaria,lignaria,f,right,4
,1135,Lasioglossum,acuminatum,unknown,f,left,3.2
,1135,Lasioglossum,acuminatum,unknown,f,right,3.2
,1135,Osmia,lignaria,lignaria,f,right,4
,1136,Lasioglossum,acuminatum,unknown,f,left,3.2
,1136,Lasioglossum,acuminatum,unknown,f,right,3.2
,1137,Osmia,lignaria,lignaria,f,right,4
,1138,Osmia,lignaria,lignaria,f,right,4
,1139,Osmia,lignaria,lignaria,f,right,4
,1140,Osmia,lignaria,lignaria,f,right,4
,1141,Osmia,lignaria,lignaria,f,right,4
,1142,Osmia,lignaria,lignaria,f,right,4
,1143,Lasioglossum,zonulum,unknown,f,left,4
,1143,Lasioglossum,zonulum,unknown,f,right,4
,1143,Osmia,lignaria,lignaria,f,right,4
,115,Lasioglossum,rohweri,unknown,f,left,4
,115,Lasioglossum,rohweri,unknown,f,right,4
,116,Lasioglossum,rohweri,unknown,f,left,4
,116,Lasioglossum,rohweri,unknown,f,right,4
,1162,Agapostemon,texanus,unknown,f,left,3.2
,1162,Agapostemon,texanus,unknown,f,right,3.2
,1164,Agapostemon,texanus,unknown,f,left,3.2
,1164,Agapostemon,texanus,unknown,f,right,3.2
,1165,Agapostemon,texanus,unknown,f,left,3.2
,1165,Agapostemon,texanus,unknown,f,right,3.2
,1166,Agapostemon,texanus,unknown,f,left,3.2
,1166,Agapostemon,texanus,unknown,f,right,3.2
,1173,Lasioglossum,acuminatum,unknown,f,left,3.2
,1173,Lasioglossum,acuminatum,unknown,f,right,3.2
,1177,Lasioglossum,rohweri,unknown,f,left,4
,1177,Lasioglossum,rohweri,unknown,f,right,4
,1178,Lasioglossum,rohweri,unknown,f,left,4
,1178,Lasioglossum,rohweri,unknown,f,right,4
,1179,Lasioglossum,rohweri,unknown,f,left,4
,118,Lasioglossum,rohweri,unknown,f,left,4
,118,Lasioglossum,rohweri,unknown,f,right,4
,1188,Lasioglossum,rohweri,unknown,f,left,4
,1188,Lasioglossum,rohweri,unknown,f,right,4
,119,Lasioglossum,rohweri,unknown,f,left,4
,119,Lasioglossum,rohweri,unknown,f,right,4
,1190,Lasioglossum,pilosum,unknown,f,left,4
,1190,Lasioglossum,pilosum,unknown,f,right,4
,1192,Lasioglossum,MAWIspB,unknown,f,left,4
,1192,Lasioglossum,MAWIspB,unknown,f,right,4
,1194,Lasioglossum,pilosum,unknown,f,left,4
,1207,Lasioglossum,acuminatum,unknown,f,left,3.2
,1207,Lasioglossum,acuminatum,unknown,f,right,3.2
,1209,Lasioglossum,acuminatum,unknown,f,left,3.2
,1209,Lasioglossum,acuminatum,unknown,f,right,3.2
,1213,Lasioglossum,acuminatum,unknown,f,left,3.2
,1213,Lasioglossum,acuminatum,unknown,f,right,3.2
,1214,Lasioglossum,zonulum,unknown,f,left,4
,1214,Lasioglossum,zonulum,unknown,f,right,3.2
,1215,Lasioglossum,acuminatum,unknown,f,left,3.2
,1215,Lasioglossum,acuminatum,unknown,f,right,3.2
,1215,Osmia,lignaria,propinqua,f,right,4
,1216,Lasioglossum,acuminatum,unknown,f,left,3.2
,1216,Lasioglossum,acuminatum,unknown,f,right,3.2
,1216,Osmia,lignaria,propinqua,f,right,4
,1217,Osmia,lignaria,propinqua,f,right,4
,1218,Osmia,lignaria,propinqua,f,right,4
,1219,Osmia,lignaria,propinqua,f,right,4
,1220,Osmia,lignaria,propinqua,f,right,4
,1221,Osmia,lignaria,propinqua,f,right,4
,1223,Lasioglossum,acuminatum,unknown,f,left,3.2
,1223,Lasioglossum,acuminatum,unknown,f,right,3.2
,1223,Osmia,lignaria,propinqua,f,right,4
,1224,Lasioglossum,acuminatum,unknown,f,left,3.2
,1224,Lasioglossum,acuminatum,unknown,f,right,3.2
,1224,Osmia,lignaria,propinqua,f,right,4
,1225,Lasioglossum,acuminatum,unknown,f,left,3.2
,1225,Lasioglossum,acuminatum,unknown,f,right,3.2
,1225,Osmia,lignaria,propinqua,f,right,4
,1226,Osmia,lignaria,propinqua,f,right,4
,1227,Lasioglossum,acuminatum,unknown,f,left,3.2
,1227,Lasioglossum,acuminatum,unknown,f,right,3.2
,1227,Osmia,lignaria,propinqua,f,right,4
,1228,Lasioglossum,acuminatum,unknown,f,right,3.2
,1228,Osmia,lignaria,propinqua,f,right,4
,1229,Lasioglossum,leucozonium,unknown,f,left,3.2
,1230,Osmia,lignaria,propinqua,f,right,4
,1231,Lasioglossum,acuminatum,unknown,f,left,3.2
,1231,Lasioglossum,acuminatum,unknown,f,right,3.2
,1232,Lasioglossum,acuminatum,unknown,f,left,3.2
,1232,Lasioglossum,acuminatum,unknown,f,right,3.2
,1233,Lasioglossum,acuminatum,unknown,f,left,3.2
,1233,Lasioglossum,acuminatum,unknown,f,right,3.2
,1233,Osmia,lignaria,propinqua,f,right,4
,1234,Osmia,lignaria,propinqua,f,right,4
,1235,Osmia,lignaria,propinqua,f,right,4
,1236,Osmia,lignaria,propinqua,f,right,4
,1237,Osmia,lignaria,propinqua,f,right,4
,1238,Lasioglossum,pilosum,unknown,f,right,4
,1238,Osmia,lignaria,propinqua,f,right,4
,1239,Osmia,lignaria,propinqua,f,right,4
,1240,Osmia,lignaria,propinqua,f,right,4
,1241,Osmia,lignaria,propinqua,f,right,4
,1242,Lasioglossum,rohweri,unknown,f,left,4
,1242,Lasioglossum,rohweri,unknown,f,right,4
,1242,Osmia,lignaria,propinqua,f,right,4
,1243,Osmia,lignaria,propinqua,f,right,4
,1244,Osmia,lignaria,propinqua,f,right,4
,1245,Osmia,lignaria,propinqua,f,right,4
,1246,Osmia,lignaria,propinqua,f,right,4
,1247,Osmia,lignaria,propinqua,f,right,4
,1248,Osmia,lignaria,propinqua,f,right,4
,1252,Lasioglossum,MAWIspB,unknown,f,right,4
,1255,Lasioglossum,pilosum,unknown,f,left,4
,1258,Bombus,griseocolis,unknown,f,left,1.25
,1258,Bombus,griseocolis,unknown,f,right,1.25
,1259,Bombus,griseocolis,unknown,f,left,1.25
,1259,Bombus,griseocolis,unknown,f,right,1.25
,1259,Lasioglossum,pilosum,unknown,f,left,4
,1259,Lasioglossum,pilosum,unknown,f,right,4
,127,Lasioglossum,nymphaerum,unknown,f,left,4
,127,Lasioglossum,nymphaerum,unknown,f,right,4
,1272,Agapostemon,texanus,unknown,f,left,3.2
,1272,Agapostemon,texanus,unknown,f,right,3.2
,1273,Agapostemon,texanus,unknown,f,left,3.2
,1273,Agapostemon,texanus,unknown,f,right,3.2
,1274,Agapostemon,texanus,unknown,f,left,3.2
,1274,Agapostemon,texanus,unknown,f,right,3.2
,1276,Agapostemon,texanus,unknown,f,left,3.2
,1276,Agapostemon,texanus,unknown,f,right,3.2
,1277,Agapostemon,texanus,unknown,f,left,3.2
,1277,Agapostemon,texanus,unknown,f,right,3.2
,1279,Agapostemon,texanus,unknown,f,left,3.2
,1279,Agapostemon,texanus,unknown,f,right,3.2
,128,Lasioglossum,nymphaerum,unknown,f,left,4
,128,Lasioglossum,nymphaerum,unknown,f,right,4
,1281,Agapostemon,texanus,unknown,f,left,3.2
,1281,Agapostemon,texanus,unknown,f,right,3.2
,1285,Agapostemon,texanus,unknown,f,left,3.2
,1285,Agapostemon,texanus,unknown,f,right,3.2
,1286,Agapostemon,texanus,unknown,f,left,3.2
,1286,Agapostemon,texanus,unknown,f,right,3.2
,1288,Agapostemon,texanus,unknown,f,left,3.2
,1288,Agapostemon,texanus,unknown,f,right,3.2
,1289,Agapostemon,texanus,unknown,f,left,3.2
,1289,Agapostemon,texanus,unknown,f,right,3.2
,1290,Agapostemon,sericeus,unknown,f,left,3.2
,1290,Agapostemon,sericeus,unknown,f,right,3.2
,1291,Agapostemon,texanus,unknown,f,left,3.2
,1291,Agapostemon,texanus,unknown,f,right,3.2
,1292,Agapostemon,sericeus,unknown,f,left,2.5
,1292,Agapostemon,sericeus,unknown,f,right,3.2
,1294,Agapostemon,texanus,unknown,f,left,3.2
,1294,Agapostemon,texanus,unknown,f,right,3.2
,1295,Agapostemon,texanus,unknown,f,left,3.2
,1295,Agapostemon,texanus,unknown,f,right,3.2
,1296,Agapostemon,texanus,unknown,f,left,3.2
,1296,Agapostemon,texanus,unknown,f,right,3.2
,1298,Agapostemon,texanus,unknown,f,left,3.2
,1300,Agapostemon,texanus,unknown,f,right,3.2
,1301,Agapostemon,texanus,unknown,f,left,3.2
,1302,Agapostemon,texanus,unknown,f,left,3.2
,1302,Agapostemon,texanus,unknown,f,right,3.2
,1303,Agapostemon,texanus,unknown,f,left,3.2
,1303,Agapostemon,texanus,unknown,f,right,3.2
,1304,Agapostemon,texanus,unknown,f,left,3.2
,1304,Agapostemon,texanus,unknown,f,right,3.2
,1305,Agapostemon,sericeus,unknown,f,left,2.5
,1305,Agapostemon,sericeus,unknown,f,right,2.5
,1306,Agapostemon,texanus,unknown,f,left,3.2
,1306,Agapostemon,texanus,unknown,f,right,3.2
,1307,Agapostemon,texanus,unknown,f,left,3.2
,1307,Agapostemon,texanus,unknown,f,right,3.2
,1308,Agapostemon,texanus,unknown,f,left,3.2
,1308,Agapostemon,texanus,unknown,f,right,3.2
,131,Lasioglossum,nymphaerum,unknown,f,left,4
,131,Lasioglossum,nymphaerum,unknown,f,right,4
,1317,Lasioglossum,rohweri,unknown,f,left,4
,1317,Lasioglossum,rohweri,unknown,f,right,4
,132,Lasioglossum,nymphaerum,unknown,f,left,4
,132,Lasioglossum,nymphaerum,unknown,f,right,4
,1323,Lasioglossum,rohweri,unknown,f,left,4
,1323,Lasioglossum,rohweri,unknown,f,right,4
,133,Lasioglossum,nymphaerum,unknown,f,left,4
,133,Lasioglossum,nymphaerum,unknown,f,right,4
,1333,Agapostemon,texanus,unknown,f,left,3.2
,1333,Agapostemon,texanus,unknown,f,right,3.2
,1334,Agapostemon,texanus,unknown,f,left,3.2
,1334,Agapostemon,texanus,unknown,f,right,3.2
,1335,Agapostemon,texanus,unknown,f,left,3.2
,1335,Agapostemon,texanus,unknown,f,right,3.2
,1336,Agapostemon,texanus,unknown,f,left,3.2
,1336,Agapostemon,texanus,unknown,f,right,3.2
,1337,Agapostemon,texanus,unknown,f,left,3.2
,1337,Agapostemon,texanus,unknown,f,right,3.2
,1338,Agapostemon,texanus,unknown,f,left,3.2
,1338,Agapostemon,texanus,unknown,f,right,3.2
,1339,Agapostemon,texanus,unknown,f,left,3.2
,1339,Agapostemon,texanus,unknown,f,right,3.2
,134,Lasioglossum,nymphaerum,unknown,f,left,4
,134,Lasioglossum,nymphaerum,unknown,f,right,4
,1341,Agapostemon,texanus,unknown,f,left,3.2
,1341,Agapostemon,texanus,unknown,f,right,3.2
,1342,Agapostemon,texanus,unknown,f,left,3.2
,1342,Agapostemon,texanus,unknown,f,right,3.2
,1343,Agapostemon,texanus,unknown,f,left,3.2
,1343,Agapostemon,texanus,unknown,f,right,3.2
,1344,Agapostemon,texanus,unknown,f,left,3.2
,1344,Agapostemon,texanus,unknown,f,right,3.2
,1345,Agapostemon,texanus,unknown,f,left,3.2
,1345,Agapostemon,texanus,unknown,f,right,3.2
,1346,Agapostemon,texanus,unknown,f,left,3.2
,1346,Agapostemon,texanus,unknown,f,right,3.2
,1347,Agapostemon,texanus,unknown,f,left,3.2
,1347,Agapostemon,texanus,unknown,f,right,3.2
,1348,Agapostemon,texanus,unknown,f,left,3.2
,1348,Agapostemon,texanus,unknown,f,right,3.2
,135,Lasioglossum,nymphaerum,unknown,f,left,4
,135,Lasioglossum,nymphaerum,unknown,f,right,4
,136,Lasioglossum,nymphaerum,unknown,f,left,4
,136,Lasioglossum,nymphaerum,unknown,f,right,4
,1364,Lasioglossum,acuminatum,unknown,f,left,3.2
,1364,Lasioglossum,acuminatum,unknown,f,right,3.2
,1366,Lasioglossum,acuminatum,unknown,f,left,3.2
,1366,Lasioglossum,acuminatum,unknown,f,right,3.2
,1367,Lasioglossum,coriaceum,unknown,f,left,3.2
,1367,Lasioglossum,coriaceum,unknown,f,right,3.2
,137,Lasioglossum,nymphaerum,unknown,f,left,4
,137,Lasioglossum,nymphaerum,unknown,f,right,4
,1370,Lasioglossum,acuminatum,unknown,f,left,3.2
,1370,Lasioglossum,acuminatum,unknown,f,right,3.2
,1370,Osmia,ribifloris,biedermannii,f,right,4
,1371,Lasioglossum,nymphaerum,unknown,f,left,4
,1371,Lasioglossum,nymphaerum,unknown,f,right,4
,1371,Osmia,ribifloris,biedermannii,f,right,4
,1372,Lasioglossum,zephyrum,unknown,f,left,4
,1372,Lasioglossum,zephyrum,unknown,f,right,4
,1372,Osmia,ribifloris,biedermannii,f,right,4
,1373,Lasioglossum,rohweri,unknown,f,left,4
,1373,Lasioglossum,rohweri,unknown,f,right,4
,1373,Osmia,ribifloris,biedermannii,f,right,4
,1374,Lasioglossum,zephyrum,unknown,f,left,4
,1374,Lasioglossum,zephyrum,unknown,f,right,4
,1375,Osmia,ribifloris,biedermannii,f,right,4
,1377,Osmia,ribifloris,biedermannii,f,right,4
,1378,Lasioglossum,zephyrum,unknown,f,left,4
,1378,Osmia,ribifloris,biedermannii,f,right,4
,1379,Osmia,ribifloris,biedermanni,f,right,4
,1380,Osmia,ribifloris,biedermannii,f,right,4
,1382,Lasioglossum,MAWIspB,unknown,f,left,4
,1382,Lasioglossum,MAWIspB,unknown,f,right,4
,1382,Osmia,ribifloris,biedermannii,f,right,4
,1383,Osmia,ribifloris,biedermannii,f,right,4
,1384,Osmia,ribifloris,biedermannii,f,right,4
,1386,Osmia,ribifloris,biedermannii,f,right,4
,1387,Lasioglossum,zephyrum,unknown,f,right,4
,1387,Osmia,ribifloris,biedermannii,f,right,4
,1388,Lasioglossum,pilosum,unknown,f,left,4
,1388,Lasioglossum,pilosum,unknown,f,right,4
,1388,Osmia,ribifloris,biedermannii,f,right,4
,1389,Lasioglossum,pilosum,unknown,f,left,4
,1389,Lasioglossum,pilosum,unknown,f,right,4
,1389,Osmia,ribifloris,biedermannii,f,right,4
,1390,Osmia,ribifloris,biedermannii,f,right,4
,1392,Lasioglossum,MAWIspB,unknown,f,left,4
,1392,Lasioglossum,MAWIspB,unknown,f,right,4
,1392,Osmia,ribifloris,biedermannii,f,right,4
,1393,Lasioglossum,MAWIspB,unknown,f,left,4
,1393,Lasioglossum,MAWIspB,unknown,f,right,4
,1393,Osmia,ribifloris,biedermannii,f,right,4
,1394,Osmia,ribifloris,biedermannii,f,right,4
,1395,Osmia,ribifloris,biedermannii,f,right,4
,1397,Osmia,ribifloris,biedermannii,f,right,4
,1398,Osmia,ribifloris,biedermannii,f,right,4
,1399,Agapostemon,texanus,unknown,f,left,3.2
,1399,Agapostemon,texanus,unknown,f,right,3.2
,140,Lasioglossum,nymphaerum,unknown,f,left,4
,140,Lasioglossum,nymphaerum,unknown,f,right,4
,1400,Osmia,ribifloris,biedermannii,m,right,4
,1406,Lasioglossum,acuminatum,unknown,f,left,3.2
,1406,Lasioglossum,acuminatum,unknown,f,right,3.2
,1408,Lasioglossum,coriaceum,unknown,f,left,3.2
,1408,Lasioglossum,coriaceum,unknown,f,right,3.2
,141,Lasioglossum,zonulum,unknown,f,left,3.2
,141,Lasioglossum,zonulum,unknown,f,right,3.2
,1412,Lasioglossum,rohweri,unknown,f,left,4
,1412,Lasioglossum,rohweri,unknown,f,right,4
,1413,Lasioglossum,rohweri,unknown,f,left,4
,1413,Lasioglossum,rohweri,unknown,f,right,4
,1414,Lasioglossum,rohweri,unknown,f,left,4
,1414,Lasioglossum,rohweri,unknown,f,right,4
,1416,Lasioglossum,MAWIspB,unknown,f,left,4
,1416,Lasioglossum,MAWIspB,unknown,f,right,4
,1417,Osmia,ribifloris,ribifloris,m,right,4
,1418,Lasioglossum,MAWIspB,unknown,f,left,4
,1418,Lasioglossum,MAWIspB,unknown,f,right,4
,1418,Osmia,ribifloris,ribifloris,m,right,4
,1419,Osmia,ribifloris,ribifloris,m,right,4
,1420,Osmia,ribifloris,ribifloris,m,right,4
,1421,Osmia,ribifloris,ribifloris,m,right,4
,1422,Osmia,ribifloris,ribifloris,m,right,4
,1423,Osmia,ribifloris,ribifloris,m,right,4
,1424,Lasioglossum,acuminatum,unknown,f,left,3.2
,1424,Lasioglossum,acuminatum,unknown,f,right,3.2
,1424,Osmia,ribifloris,ribifloris,m,right,4
,1425,Lasioglossum,coriaceum,unknown,f,left,3.2
,1425,Lasioglossum,coriaceum,unknown,f,right,3.2
,1425,Osmia,ribifloris,ribifloris,m,right,4
,1426,Lasioglossum,zephyrum,unknown,f,left,4
,1426,Lasioglossum,zephyrum,unknown,f,right,4
,1426,Osmia,ribifloris,ribifloris,m,right,4
,1427,Osmia,ribifloris,ribifloris,m,right,4
,1428,Osmia,ribifloris,ribifloris,m,right,4
,1429,Osmia,ribifloris,ribifloris,m,right,4
,143,Lasioglossum,rohweri,unknown,f,left,4
,143,Lasioglossum,rohweri,unknown,f,right,4
,1430,Osmia,ribifloris,ribifloris,m,right,4
,1431,Lasioglossum,zephyrum,unknown,f,left,4
,1431,Lasioglossum,zephyrum,unknown,f,right,4
,1431,Osmia,ribifloris,ribifloris,m,right,4
,1432,Lasioglossum,rohweri,unknown,f,left,4
,1432,Lasioglossum,rohweri,unknown,f,right,4
,1432,Osmia,ribifloris,ribifloris,m,right,4
,1433,Lasioglossum,zephyrum,unknown,f,left,4
,1433,Lasioglossum,zephyrum,unknown,f,right,4
,1433,Osmia,ribifloris,ribifloris,m,right,4
,1434,Lasioglossum,zephyrum,unknown,f,left,4
,1434,Lasioglossum,zephyrum,unknown,f,right,4
,1434,Osmia,ribifloris,ribifloris,m,right,4
,1435,Lasioglossum,zephyrum,unknown,f,left,4
,1435,Lasioglossum,zephyrum,unknown,f,right,4
,1435,Osmia,ribifloris,ribifloris,m,right,4
,1436,Lasioglossum,zephyrum,unknown,f,left,4
,1436,Lasioglossum,zephyrum,unknown,f,right,4
,1436,Osmia,ribifloris,ribifloris,f,right,4
,1437,Lasioglossum,zephyrum,unknown,f,left,4
,1437,Lasioglossum,zephyrum,unknown,f,right,4
,1437,Osmia,ribifloris,ribifloris,f,right,4
,1438,Osmia,ribifloris,ribifloris,f,right,4
,1439,Lasioglossum,zephyrum,unknown,f,left,4
,1439,Lasioglossum,zephyrum,unknown,f,right,4
,1439,Osmia,ribifloris,ribifloris,f,right,4
,1441,Osmia,ribifloris,ribifloris,f,right,4
,1442,Lasioglossum,MAWIspB,unknown,f,left,4
,1442,Lasioglossum,MAWIspB,unknown,f,right,4
,1442,Osmia,ribifloris,ribifloris,f,right,4
,1443,Lasioglossum,MAWIspB,unknown,f,left,4
,1443,Lasioglossum,MAWIspB,unknown,f,right,4
,1443,Osmia,ribifloris,ribifloris,f,right,4
,1444,Osmia,ribifloris,ribifloris,f,right,4
,1445,Lasioglossum,MAWIspB,unknown,f,left,4
,1445,Lasioglossum,MAWIspB,unknown,f,right,4
,1445,Osmia,ribifloris,ribifloris,f,right,4
,1449,Osmia,ribifloris,ribifloris,f,right,4
,1451,Osmia,ribifloris,ribifloris,f,right,4
,1452,Osmia,ribifloris,ribifloris,f,right,4
,1453,Lasioglossum,acuminatum,unknown,f,left,3.2
,1453,Lasioglossum,acuminatum,unknown,f,right,3.2
,1453,Osmia,ribifloris,ribifloris,f,right,4
,1454,Osmia,ribifloris,ribifloris,f,right,4
,1455,Lasioglossum,acuminatum,unknown,f,left,3.2
,1455,Lasioglossum,acuminatum,unknown,f,right,3.2
,1456,Bombus,griseocolis,unknown,f,left,1.25
,1456,Bombus,griseocolis,unknown,f,right,1.25
,1457,Lasioglossum,acuminatum,unknown,f,left,4
,1457,Lasioglossum,acuminatum,unknown,f,right,3.2
,146,Lasioglossum,rohweri,unknown,f,left,4
,146,Lasioglossum,rohweri,unknown,f,right,4
,1462,Osmia,coloradensis,unknown,m,right,4
,1463,Osmia,coloradensis,unknown,m,right,4
,1464,Osmia,coloradensis,unknown,m,right,4
,1465,Osmia,coloradensis,unknown,m,right,4
,1466,Osmia,coloradensis,unknown,m,right,4
,1467,Lasioglossum,zephyrum,unknown,f,left,4
,1467,Lasioglossum,zephyrum,unknown,f,right,4
,1467,Osmia,coloradensis,unknown,m,right,4
,1469,Lasioglossum,zephyrum,unknown,f,left,4
,147,Lasioglossum,rohweri,unknown,f,right,4
,1470,Osmia,coloradensis,unknown,m,right,4
,1471,Osmia,coloradensis,unknown,m,right,4
,1472,Osmia,coloradensis,unknown,m,right,4
,1473,Lasioglossum,zephyrum,unknown,f,left,4
,1473,Lasioglossum,zephyrum,unknown,f,right,4
,1474,Lasioglossum,zephyrum,unknown,f,left,4
,1474,Lasioglossum,zephyrum,unknown,f,right,4
,1474,Osmia,coloradensis,unknown,m,right,4
,1475,Lasioglossum,zephyrum,unknown,f,left,4
,1475,Lasioglossum,zephyrum,unknown,f,right,4
,1475,Osmia,coloradensis,unknown,m,right,4
,1476,Osmia,coloradensis,unknown,m,right,4
,1477,Lasioglossum,pilosum,unknown,f,right,4
,1479,Osmia,coloradensis,unknown,m,right,4
,1480,Lasioglossum,zephyrum,unknown,f,left,4
,1480,Lasioglossum,zephyrum,unknown,f,right,4
,1480,Osmia,coloradensis,unknown,m,right,4
,1481,Osmia,coloradensis,unknown,m,right,4
,1482,Lasioglossum,MAWIspB,unknown,f,left,4
,1482,Lasioglossum,MAWIspB,unknown,f,right,4
,1482,Osmia,texana,unknown,m,right,4
,1483,Lasioglossum,zephyrum,unknown,f,left,4
,1483,Lasioglossum,zephyrum,unknown,f,right,4
,1483,Osmia,texana,unknown,m,right,4
,1484,Lasioglossum,zephyrum,unknown,f,left,4
,1484,Lasioglossum,zephyrum,unknown,f,right,4
,1484,Osmia,texana,unknown,m,right,4
,1485,Lasioglossum,zephyrum,unknown,f,right,4
,1485,Osmia,texana,unknown,m,right,4
,1486,Lasioglossum,zephyrum,unknown,f,left,4
,1486,Lasioglossum,zephyrum,unknown,f,right,4
,1487,Lasioglossum,pilosum,unknown,f,right,4
,1487,Osmia,texana,unknown,m,right,4
,1488,Osmia,texana,unknown,m,right,4
,149,Lasioglossum,rohweri,unknown,f,left,4
,149,Lasioglossum,rohweri,unknown,f,right,4
,1490,Osmia,texana,unknown,m,right,4
,1491,Lasioglossum,zephyrum,unknown,f,left,4
,1491,Osmia,texana,unknown,m,right,4
,1492,Lasioglossum,zephyrum,unknown,f,right,4
,1492,Osmia,texana,unknown,m,right,4
,1493,Lasioglossum,pilosum,unknown,f,left,4
,1493,Lasioglossum,pilosum,unknown,f,right,4
,1493,Osmia,texana,unknown,m,right,4
,1495,Lasioglossum,zephyrum,unknown,f,left,4
,1495,Lasioglossum,zephyrum,unknown,f,right,4
,1495,Osmia,texana,unknown,m,right,4
,1496,Osmia,texana,unknown,m,right,4
,1497,Osmia,texana,unknown,m,right,4
,1498,Osmia,texana,unknown,m,right,4
,1499,Osmia,coloradensis,unknown,f,right,4
,1500,Osmia,coloradensis,unknown,f,right,4
,1501,Osmia,coloradensis,unknown,f,right,4
,1502,Lasioglossum,rohweri,unknown,f,left,4
,1502,Lasioglossum,rohweri,unknown,f,right,4
,1502,Osmia,coloradensis,unknown,f,right,4
,1503,Osmia,coloradensis,unknown,f,right,4
,1504,Osmia,coloradensis,unknown,f,right,4
,1505,Lasioglossum,zephyrum,unknown,f,left,4
,1505,Lasioglossum,zephyrum,unknown,f,right,4
,1505,Osmia,coloradensis,unknown,f,right,4
,1506,Osmia,coloradensis,unknown,f,right,4
,1507,Osmia,coloradensis,unknown,f,right,4
,1508,Osmia,coloradensis,unknown,f,right,4
,1509,Osmia,coloradensis,unknown,f,right,4
,1510,Megachile,ericetorum,unknown,f,right,4
,1510,Osmia,coloradensis,unknown,f,right,4
,1511,Megachile,ericetorum,unknown,f,right,4
,1512,Megachile,ericetorum,unknown,f,right,4
,1513,Megachile,ericetorum,unknown,f,right,4
,1519,Osmia,texana,unknown,f,right,4
,1520,Lasioglossum,pilosum,unknown,f,left,4
,1520,Lasioglossum,pilosum,unknown,f,right,4
,1520,Osmia,texana,unknown,f,right,4
,1521,Osmia,texana,unknown,f,right,4
,1522,Lasioglossum,rohweri,unknown,f,left,4
,1522,Lasioglossum,rohweri,unknown,f,right,4
,1523,Osmia,texana,unknown,f,right,4
,1524,Osmia,texana,unknown,f,right,4
,1525,Osmia,texana,unknown,f,right,4
,1526,Osmia,texana,unknown,f,right,4
,1527,Osmia,texana,unknown,f,right,4
,1528,Osmia,texana,unknown,f,right,4
,1529,Osmia,texana,unknown,f,right,4
,1530,Osmia,texana,unknown,f,right,4
,1531,Osmia,texana,unknown,f,right,4
,1532,Osmia,texana,unknown,f,right,4
,1533,Osmia,texana,unknown,f,right,4
,154,Lasioglossum,nymphaerum,unknown,f,left,4
,154,Lasioglossum,nymphaerum,unknown,f,right,4
,1547,Lasioglossum,pilosum,unknown,f,left,4
,1547,Lasioglossum,pilosum,unknown,f,right,4
,1550,Lasioglossum,pilosum,unknown,f,left,4
,1550,Lasioglossum,pilosum,unknown,f,right,4
,1552,Lasioglossum,MAWIspB,unknown,f,right,4
,1553,Lasioglossum,MAWIspB,unknown,f,left,4
,1553,Lasioglossum,MAWIspB,unknown,f,right,4
,1554,Lasioglossum,MAWIspB,unknown,f,left,4
,1555,Agapostemon,sericeus,unknown,f,left,3.2
,1555,Agapostemon,sericeus,unknown,f,right,3.2
,1558,Bombus,bimaculata,unknown,f,left,2
,1558,Bombus,bimaculata,unknown,f,right,2
,1563,Lasioglossum,nymphaerum,unknown,f,left,4
,1563,Lasioglossum,nymphaerum,unknown,f,right,4
,1564,Lasioglossum,MAWIspB,unknown,f,left,4
,1564,Lasioglossum,MAWIspB,unknown,f,right,4
,157,Lasioglossum,pilosum,unknown,f,left,4
,1578,Lasioglossum,MAWIspB,unknown,f,right,4
,1579,Lasioglossum,pilosum,unknown,f,left,4
,1579,Lasioglossum,pilosum,unknown,f,right,4
,158,Lasioglossum,pilosum,unknown,f,left,4
,158,Lasioglossum,pilosum,unknown,f,right,4
,1584,Lasioglossum,nymphaerum,unknown,f,left,4
,1584,Lasioglossum,nymphaerum,unknown,f,right,4
,1586,Agapostemon,sericeus,unknown,f,left,3.2
,1586,Agapostemon,sericeus,unknown,f,right,3.2
,1592,Lasioglossum,acuminatum,unknown,f,left,3.2
,1592,Lasioglossum,acuminatum,unknown,f,right,3.2
,1596,Lasioglossum,acuminatum,unknown,f,left,3.2
,1596,Lasioglossum,acuminatum,unknown,f,right,3.2
,1599,Lasioglossum,acuminatum,unknown,f,right,3.2
,1601,Lasioglossum,rohweri,unknown,f,left,4
,1601,Lasioglossum,rohweri,unknown,f,right,4
,1602,Lasioglossum,nymphaerum,unknown,f,right,4
,1613,Agapostemon,texanus,unknown,f,left,3.2
,1613,Agapostemon,texanus,unknown,f,right,3.2
,1621,Lasioglossum,zephyrum,unknown,f,left,4
,1622,Lasioglossum,MAWIspB,unknown,f,right,4
,1624,Lasioglossum,pilosum,unknown,f,left,4
,1624,Lasioglossum,pilosum,unknown,f,right,4
,1626,Lasioglossum,pilosum,unknown,f,left,4
,1626,Lasioglossum,pilosum,unknown,f,right,4
,1697,Bombus,bimaculata,unknown,f,left,1.6
,1697,Bombus,bimaculata,unknown,f,right,1.6
,173,Lasioglossum,rohweri,unknown,f,left,4
,173,Lasioglossum,rohweri,unknown,f,right,4
,176,Megachile,addenda,unknown,f,right,4
,177,Megachile,frigida,unknown,m,right,4
,178,Megachile,frigida,unknown,m,right,4
,180,Megachile,gemula,unknown,m,right,4
,183,Megachile,giliae,unknown,f,right,4
,185,Megachile,melanophaea,unknown,m,right,4
,187,Megachile,cochisiana,unknown,f,right,4
,188,Lasioglossum,pilosum,unknown,f,right,4
,188,Megachile,comata,unknown,m,right,4
,190,Megachile,dentitarsus,unknown,m,right,4
,191,Megachile,dentitarsus,unknown,f,right,4
,192,Megachile,latimanus,unknown,m,right,4
,193,Megachile,latimanus,unknown,f,right,4
,195,Lasioglossum,pilosum,unknown,f,left,4
,195,Lasioglossum,pilosum,unknown,f,right,4
,196,Megachile,concinna,unknown,m,right,4
,1966,Bombus,impatiens,unknown,f,left,1.25
,1966,Bombus,impatiens,unknown,f,right,1.25
,197,Lasioglossum,pilosum,unknown,f,left,4
,197,Lasioglossum,pilosum,unknown,f,right,4
,197,Megachile,concinna,unknown,m,right,4
,198,Megachile,concinna,unknown,f,right,4
,199,Megachile,concinna,unknown,f,right,4
,201,Megachile,rotundata,unknown,f,right,4
,202,Megachile,rotundata,unknown,f,right,4
,205,Megachile,brevis,unknown,f,right,4
,206,Megachile,coquilletti,unknown,m,right,4
,207,Megachile,coquilletti,unknown,f,right,4
,208,Megachile,gentilis,unknown,m,right,4
,2089,Osmia,pusilla,unknown,f,right,4
,209,Megachile,gentilis,unknown,f,right,4
,2090,Osmia,pusilla,unknown,f,right,4
,2091,Osmia,pusilla,unknown,f,right,4
,2092,Osmia,pusilla,unknown,f,right,4
,2093,Osmia,pusilla,unknown,f,right,4
,2094,Osmia,pusilla,unknown,f,right,4
,2096,Osmia,pusilla,unknown,f,right,4
,2098,Osmia,pusilla,unknown,f,right,4
,2099,Osmia,pusilla,unknown,f,right,4
,210,Megachile,lippiae,unknown,m,right,4
,2100,Osmia,pusilla,unknown,f,right,4
,2101,Osmia,pusilla,unknown,f,right,4
,2102,Osmia,pusilla,unknown,f,right,4
,2104,Osmia,pusilla,unknown,f,right,4
,2105,Osmia,pusilla,unknown,f,right,4
,2106,Osmia,pusilla,unknown,f,right,4
,211,Megachile,lippiae,unknown,f,right,4
,212,Megachile,mendica,unknown,m,right,4
,215,Megachile,texana,unknown,f,right,4
,216,Megachile,centuncularis,unknown,m,right,4
,218,Megachile,inermis,unknown,m,right,4
,219,Megachile,inermis,unknown,m,right,4
,220,Megachile,inermis,unknown,f,right,4
,221,Megachile,montivaga,unknown,m,right,4
,222,Megachile,montivaga,unknown,f,right,4
,227,Lasioglossum,MAWIspB,unknown,f,right,4
,227,Megachile,angustini,unknown,m,right,4
,228,Megachile,subanograe,unknown,m,right,4
,231,Megachile,xerophila,unknown,f,right,4
,233,Megachile,fucata,unknown,f,right,4
,236,Megachile,nevadensis,unknown,m,right,4
,24,Lasioglossum,leucozonium,unknown,f,left,3.2
,24,Lasioglossum,leucozonium,unknown,f,right,3.2
,2428,Osmia,pusilla,unknown,m,right,4
,2430,Osmia,pusilla,unknown,m,right,4
,2432,Osmia,pusilla,unknown,m,right,4
,2433,Osmia,pusilla,unknown,m,right,4
,2434,Osmia,pusilla,unknown,m,right,4
,2437,Osmia,pusilla,unknown,m,right,4
,244,Megachile,xylocopoides,unknown,m,right,4
,2440,Osmia,pusilla,unknown,m,right,4
,2442,Osmia,pusilla,unknown,m,right,4
,2444,Osmia,pusilla,unknown,m,right,4
,2445,Osmia,pusilla,unknown,m,right,4
,246,Megachile,pugnata,unknown,f,right,4
,247,Megachile,pugnata,unknown,f,right,4
,248,Megachile,pugnata,unknown,f,right,4
,251,Megachile,newberryae,unknown,m,right,4
,252,Megachile,newberryae,unknown,f,right,4
,253,Megachile,angelarum,unknown,f,right,4
,254,Megachile,angelarum,unknown,m,right,4
,255,Megachile,discorhina,unknown,f,right,4
,259,Megachile,subexilis,unknown,m,right,4
,26,Lasioglossum,rohweri,unknown,f,left,4
,26,Lasioglossum,rohweri,unknown,f,right,4
,260,Megachile,subexilis,unknown,m,right,4
,261,Megachile,subexilis,unknown,f,right,4
,262,Megachile,occidentalis,unknown,f,right,4
,263,Megachile,occidentalis,unknown,f,right,4
,266,Lasioglossum,coriaceum,unknown,f,left,3.2
,269,Lasioglossum,acuminatum,unknown,f,left,3.2
,269,Lasioglossum,acuminatum,unknown,f,right,3.2
,28,Lasioglossum,rohweri,unknown,f,left,4
,28,Lasioglossum,rohweri,unknown,f,right,4
,30,Lasioglossum,rohweri,unknown,f,left,4
,30,Lasioglossum,rohweri,unknown,f,left,4
,30,Lasioglossum,rohweri,unknown,f,right,4
,305,Lasioglossum,pilosum,unknown,f,left,4
,305,Lasioglossum,pilosum,unknown,f,right,4
,316,Lasioglossum,nymphaerum,unknown,f,left,4
,316,Lasioglossum,nymphaerum,unknown,f,right,4
,3238,Bombus,bimaculata,unknown,f,left,1.6
,3238,Bombus,bimaculata,unknown,f,right,1.6
,329,Lasioglossum,coriaceum,unknown,f,left,3.2
,329,Lasioglossum,coriaceum,unknown,f,right,3.2
,330,Lasioglossum,coriaceum,unknown,f,left,3.2
,330,Lasioglossum,coriaceum,unknown,f,right,3.2
,3319,Bombus,impatiens,unknown,f,left,1.25
,3319,Bombus,impatiens,unknown,f,right,1.25
,3320,Bombus,griseocolis,unknown,f,left,1.25
,3320,Bombus,griseocolis,unknown,f,right,1.25
,341,Lasioglossum,zonulum,unknown,f,left,4
,341,Lasioglossum,zonulum,unknown,f,right,4
,343,Lasioglossum,leucozonium,unknown,f,left,3.2
,343,Lasioglossum,leucozonium,unknown,f,right,3.2
,351,Lasioglossum,pilosum,unknown,f,left,4
,351,Lasioglossum,pilosum,unknown,f,right,4
,3602,Bombus,bimaculata,unknown,f,left,1.6
,3602,Bombus,bimaculata,unknown,f,right,1.6
,367,Lasioglossum,acuminatum,unknown,f,left,3.2
,367,Lasioglossum,acuminatum,unknown,f,right,3.2
,368,Lasioglossum,leucozonium,unknown,f,left,3.2
,368,Lasioglossum,leucozonium,unknown,f,right,3.2
,369,Lasioglossum,acuminatum,unknown,f,left,3.2
,369,Lasioglossum,acuminatum,unknown,f,right,3.2
,37,Lasioglossum,zephyrum,unknown,f,left,4
,37,Lasioglossum,zephyrum,unknown,f,right,4
,371,Lasioglossum,pilosum,unknown,f,left,4
,371,Lasioglossum,pilosum,unknown,f,right,4
,385,Lasioglossum,leucozonium,unknown,f,left,3.2
,385,Lasioglossum,leucozonium,unknown,f,right,3.2
,391,Lasioglossum,coriaceum,unknown,f,left,3.2
,391,Lasioglossum,coriaceum,unknown,f,right,3.2
,403,Lasioglossum,zonulum,unknown,f,left,3.2
,403,Lasioglossum,zonulum,unknown,f,right,4
,41,Lasioglossum,rohweri,unknown,f,left,4
,41,Lasioglossum,rohweri,unknown,f,right,4
,420,Lasioglossum,leucozonium,unknown,f,left,3.2
,420,Lasioglossum,leucozonium,unknown,f,right,3.2
,425,Lasioglossum,leucozonium,unknown,f,left,3.2
,425,Lasioglossum,leucozonium,unknown,f,right,3.2
,426,Lasioglossum,leucozonium,unknown,f,left,3.2
,426,Lasioglossum,leucozonium,unknown,f,right,3.2
,428,Lasioglossum,leucozonium,unknown,f,left,3.2
,428,Lasioglossum,leucozonium,unknown,f,right,3.2
,4286,Bombus,griseocolis,unknown,f,left,1.25
,4286,Bombus,griseocolis,unknown,f,right,1.25
,429,Lasioglossum,leucozonium,unknown,f,left,3.2
,429,Lasioglossum,leucozonium,unknown,f,right,3.2
,440,Lasioglossum,pilosum,unknown,f,left,4
,440,Lasioglossum,pilosum,unknown,f,right,4
,4411,Bombus,impatiens,unknown,f,left,1.6
,4411,Bombus,impatiens,unknown,f,right,1.6
,4431,Bombus,bimaculata,unknown,f,left,1.6
,4431,Bombus,bimaculata,unknown,f,right,1.6
,4432,Bombus,bimaculata,unknown,f,left,1.6
,4432,Bombus,bimaculata,unknown,f,right,1.6
,448,Lasioglossum,rohweri,unknown,f,left,4
,448,Lasioglossum,rohweri,unknown,f,right,4
,458,Lasioglossum,acuminatum,unknown,f,left,3.2
,458,Lasioglossum,acuminatum,unknown,f,right,3.2
,459,Lasioglossum,zephyrum,unknown,f,left,4
,459,Lasioglossum,zephyrum,unknown,f,right,4
,460,Lasioglossum,zephyrum,unknown,f,left,4
,460,Lasioglossum,zephyrum,unknown,f,right,4
,467,Lasioglossum,leucozonium,unknown,f,left,3.2
,467,Lasioglossum,leucozonium,unknown,f,right,3.2
,468,Lasioglossum,acuminatum,unknown,f,left,4
,468,Lasioglossum,acuminatum,unknown,f,right,4
,47,Lasioglossum,nymphaerum,unknown,f,left,4
,47,Lasioglossum,nymphaerum,unknown,f,right,4
,474,Lasioglossum,MAWIspB,unknown,f,left,4
,475,Lasioglossum,pilosum,unknown,f,left,4
,475,Lasioglossum,pilosum,unknown,f,right,4
,49,Lasioglossum,pilosum,unknown,f,right,4
,497,Lasioglossum,MAWIspB,unknown,f,left,4
,497,Lasioglossum,MAWIspB,unknown,f,right,4
,50,Lasioglossum,rohweri,unknown,f,right,4
,512,Lasioglossum,pilosum,unknown,f,left,4
,512,Lasioglossum,pilosum,unknown,f,right,4
,514,Lasioglossum,pilosum,unknown,f,left,4
,530,Lasioglossum,coriaceum,unknown,f,left,3.2
,530,Lasioglossum,coriaceum,unknown,f,right,3.2
,531,Lasioglossum,coriaceum,unknown,f,left,3.2
,531,Lasioglossum,coriaceum,unknown,f,right,3.2
,534,Lasioglossum,zephyrum,unknown,f,left,4
,534,Lasioglossum,zephyrum,unknown,f,right,4
,535,Lasioglossum,zephyrum,unknown,f,left,4
,535,Lasioglossum,zephyrum,unknown,f,right,4
,552,Lasioglossum,pilosum,unknown,f,left,4
,552,Lasioglossum,pilosum,unknown,f,right,4
,572,Lasioglossum,coriaceum,unknown,f,left,3.2
,572,Lasioglossum,coriaceum,unknown,f,right,3.2
,601,Lasioglossum,coriaceum,unknown,f,left,3.2
,601,Lasioglossum,coriaceum,unknown,f,right,3.2
,61,Lasioglossum,pilosum,unknown,f,left,4
,61,Lasioglossum,pilosum,unknown,f,right,4
,610,Lasioglossum,coriaceum,unknown,f,left,3.2
,610,Lasioglossum,coriaceum,unknown,f,right,3.2
,62,Lasioglossum,rohweri,unknown,f,left,4
,62,Lasioglossum,rohweri,unknown,f,right,4
,623,Lasioglossum,zonulum,unknown,f,left,3.2
,623,Lasioglossum,zonulum,unknown,f,right,4
,6230,Bombus,bimaculata,unknown,f,left,1.6
,6230,Bombus,bimaculata,unknown,f,right,1.6
,627,Megachile,pacifica,unknown,f,right,4
,628,Megachile,pacifica,unknown,m,right,4
,63,Lasioglossum,rohweri,unknown,f,left,4
,63,Lasioglossum,rohweri,unknown,f,right,4
,6316,Bombus,impatiens,unknown,f,left,1.25
,6316,Bombus,impatiens,unknown,f,right,1.25
,6390,Bombus,bimaculata,unknown,f,left,1.6
,6390,Bombus,bimaculata,unknown,f,right,1.6
,6393,Agapostemon,virescens,unknown,x,left,2.5
,6393,Agapostemon,virescens,unknown,x,right,2.5
,6394,Agapostemon,virescens,unknown,x,left,2.5
,6394,Agapostemon,virescens,unknown,x,right,2.5
,6395,Agapostemon,virescens,unknown,x,left,2.5
,6395,Agapostemon,virescens,unknown,x,right,2.5
,6397,Agapostemon,virescens,unknown,x,left,2.5
,6397,Agapostemon,virescens,unknown,x,right,2.5
,6398,Agapostemon,virescens,unknown,x,left,2.5
,6398,Agapostemon,virescens,unknown,x,right,2.5
,6402,Agapostemon,virescens,unknown,x,left,2.5
,6402,Agapostemon,virescens,unknown,x,right,2.5
,6403,Agapostemon,virescens,unknown,x,left,2.5
,6403,Agapostemon,virescens,unknown,x,right,2.5
,6404,Agapostemon,virescens,unknown,x,left,2.5
,6404,Agapostemon,virescens,unknown,x,right,2.5
,6406,Agapostemon,virescens,unknown,x,left,2.5
,6406,Agapostemon,virescens,unknown,x,right,2.5
,6407,Agapostemon,virescens,unknown,x,left,2.5
,6407,Agapostemon,virescens,unknown,x,right,2.5
,6408,Agapostemon,virescens,unknown,x,left,2.5
,6408,Agapostemon,virescens,unknown,x,right,2.5
,6409,Agapostemon,virescens,unknown,x,left,2.5
,6409,Agapostemon,virescens,unknown,x,right,2.5
,6410,Agapostemon,virescens,unknown,x,left,2.5
,6410,Agapostemon,virescens,unknown,x,right,2.5
,645,Agapostemon,texanus,unknown,f,left,3.2
,645,Agapostemon,texanus,unknown,f,right,3.2
,646,Lasioglossum,acuminatum,unknown,f,left,3.2
,646,Lasioglossum,acuminatum,unknown,f,right,3.2
,648,Lasioglossum,acuminatum,unknown,f,left,3.2
,648,Lasioglossum,acuminatum,unknown,f,right,3.2
,65,Lasioglossum,nymphaerum,unknown,f,right,4
,67,Lasioglossum,rohweri,unknown,f,left,4
,67,Lasioglossum,rohweri,unknown,f,right,4
,6738,Bombus,impatiens,unknown,f,left,1.25
,6738,Bombus,impatiens,unknown,f,right,1.25
,7,Lasioglossum,leucozonium,unknown,f,left,3.2
,7,Lasioglossum,leucozonium,unknown,f,right,3.2
,701,Lasioglossum,zonulum,unknown,f,left,4
,7037,Bombus,impatiens,unknown,f,left,1.25
,7037,Bombus,impatiens,unknown,f,right,1.25
,706,Lasioglossum,pilosum,unknown,f,left,4
,706,Lasioglossum,pilosum,unknown,f,right,4
,707,Lasioglossum,pilosum,unknown,f,left,4
,707,Lasioglossum,pilosum,unknown,f,right,4
,712,Lasioglossum,coriaceum,unknown,f,left,3.2
,712,Lasioglossum,coriaceum,unknown,f,right,3.2
,715,Lasioglossum,pilosum,unknown,f,left,4
,715,Lasioglossum,pilosum,unknown,f,right,4
,723,Lasioglossum,pilosum,unknown,f,left,4
,723,Lasioglossum,pilosum,unknown,f,right,4
,725,Bombus,impatiens,unknown,f,left,1.25
,725,Bombus,impatiens,unknown,f,right,1.25
,726,Bombus,griseocolis,unknown,f,left,1.25
,726,Bombus,griseocolis,unknown,f,right,1.25
,73,Lasioglossum,pilosum,unknown,f,left,4
,73,Lasioglossum,pilosum,unknown,f,right,4
,730,Lasioglossum,coriaceum,unknown,f,left,3.2
,730,Lasioglossum,coriaceum,unknown,f,right,3.2
,731,Lasioglossum,coriaceum,unknown,f,left,3.2
,731,Lasioglossum,coriaceum,unknown,f,right,3.2
,732,Lasioglossum,coriaceum,unknown,f,left,3.2
,732,Lasioglossum,coriaceum,unknown,f,right,3.2
,733,Lasioglossum,coriaceum,unknown,f,left,3.2
,733,Lasioglossum,coriaceum,unknown,f,right,3.2
,743,Lasioglossum,leucozonium,unknown,f,left,3.2
,743,Lasioglossum,leucozonium,unknown,f,right,3.2
,745,Lasioglossum,coriaceum,unknown,f,left,3.2
,745,Lasioglossum,coriaceum,unknown,f,right,3.2
,7480,Ceratina,calcarata,unknown,f,left,4
,7543,Bombus,griseocolis,unknown,f,left,1.25
,7543,Bombus,griseocolis,unknown,f,right,1.25
,7661,Ceratina,calcarata,unknown,f,left,4
,7661,Ceratina,calcarata,unknown,f,right,4
,7662,Ceratina,calcarata,unknown,f,right,4
,7688,Ceratina,calcarata,unknown,f,left,4
,7688,Ceratina,calcarata,unknown,f,right,4
,7771,Ceratina,calcarata,unknown,f,left,4
,7771,Ceratina,calcarata,unknown,f,right,4
,7772,Ceratina,calcarata,unknown,f,left,4
,7772,Ceratina,calcarata,unknown,f,right,4
,779,Lasioglossum,zonulum,unknown,f,left,4
,779,Lasioglossum,zonulum,unknown,f,right,4
,7838,Ceratina,calcarata,unknown,f,left,4
,7838,Ceratina,calcarata,unknown,f,right,4
,7839,Ceratina,calcarata,unknown,f,right,4
,784,Lasioglossum,zonulum,unknown,f,left,4
,784,Lasioglossum,zonulum,unknown,f,right,4
,7853,Bombus,impatiens,unknown,f,left,2
,7853,Bombus,impatiens,unknown,f,right,2
,788,Lasioglossum,zonulum,unknown,f,left,4
,788,Lasioglossum,zonulum,unknown,f,right,4
,789,Lasioglossum,zonulum,unknown,f,left,4
,789,Lasioglossum,zonulum,unknown,f,right,4
,790,Lasioglossum,leucozonium,unknown,f,right,3.2
,791,Lasioglossum,zonulum,unknown,f,left,4
,791,Lasioglossum,zonulum,unknown,f,right,4
,7913,Ceratina,calcarata,unknown,f,left,4
,7913,Ceratina,calcarata,unknown,f,right,4
,7914,Ceratina,calcarata,unknown,f,left,4
,7914,Ceratina,calcarata,unknown,f,right,4
,7915,Ceratina,calcarata,unknown,f,left,4
,7915,Ceratina,calcarata,unknown,f,right,4
,7916,Ceratina,calcarata,unknown,f,left,4
,7916,Ceratina,calcarata,unknown,f,right,4
,7917,Ceratina,calcarata,unknown,f,left,4
,7917,Ceratina,calcarata,unknown,f,right,4
,7918,Ceratina,calcarata,unknown,f,left,4
,7918,Ceratina,calcarata,unknown,f,right,4
,7919,Ceratina,calcarata,unknown,f,left,4
,7919,Ceratina,calcarata,unknown,f,right,4
,7920,Ceratina,calcarata,unknown,f,left,4
,7920,Ceratina,calcarata,unknown,f,right,4
,7937,Ceratina,calcarata,unknown,f,left,4
,7937,Ceratina,calcarata,unknown,f,right,4
,7938,Ceratina,calcarata,unknown,f,left,4
,7938,Ceratina,calcarata,unknown,f,right,4
,7939,Ceratina,calcarata,unknown,f,left,4
,7940,Ceratina,calcarata,unknown,f,left,4
,7940,Ceratina,calcarata,unknown,f,right,4
,7955,Bombus,bimaculata,unknown,f,left,1.6
,7955,Bombus,bimaculata,unknown,f,right,1.6
,7956,Bombus,griseocolis,unknown,f,left,2
,7956,Bombus,griseocolis,unknown,f,right,2
,7957,Bombus,bimaculata,unknown,f,left,2
,7957,Bombus,bimaculata,unknown,f,right,2
,7958,Bombus,bimaculata,unknown,f,left,1.6
,7958,Bombus,bimaculata,unknown,f,right,1.6
,7959,Bombus,impatiens,unknown,f,left,2
,7959,Bombus,impatiens,unknown,f,right,2
,7960,Bombus,impatiens,unknown,f,left,2
,7960,Bombus,impatiens,unknown,f,right,2
,797,Lasioglossum,coriaceum,unknown,f,left,3.2
,797,Lasioglossum,coriaceum,unknown,f,right,3.2
,798,Lasioglossum,coriaceum,unknown,f,left,3.2
,798,Lasioglossum,coriaceum,unknown,f,right,3.2
,8,Lasioglossum,zephyrum,unknown,f,left,4
,801,Lasioglossum,coriaceum,unknown,f,left,3.2
,801,Lasioglossum,coriaceum,unknown,f,right,3.2
,802,Lasioglossum,coriaceum,unknown,f,left,3.2
,802,Lasioglossum,coriaceum,unknown,f,right,3.2
,804,Lasioglossum,leucozonium,unknown,f,left,3.2
,804,Lasioglossum,leucozonium,unknown,f,right,3.2
,8050,Ceratina,calcarata,unknown,f,left,4
,8050,Ceratina,calcarata,unknown,f,right,4
,8051,Ceratina,calcarata,unknown,f,left,4
,8051,Ceratina,calcarata,unknown,f,right,4
,807,Lasioglossum,MAWIspB,unknown,f,left,4
,807,Lasioglossum,MAWIspB,unknown,f,right,4
,808,Bombus,impatiens,unknown,f,left,1.25
,808,Bombus,impatiens,unknown,f,right,1.25
,813,Lasioglossum,coriaceum,unknown,f,left,3.2
,813,Lasioglossum,coriaceum,unknown,f,right,3.2
,8190,Bombus,impatiens,unknown,f,left,2
,8190,Bombus,impatiens,unknown,f,right,2
,8202,Ceratina,calcarata,unknown,f,left,4
,8202,Ceratina,calcarata,unknown,f,right,4
,8208,Agapostemon,virescens,unknown,f,left,2.5
,8208,Agapostemon,virescens,unknown,f,right,2.5
,825,Lasioglossum,zonulum,unknown,f,left,4
,825,Lasioglossum,zonulum,unknown,f,right,4
,8254,Bombus,impatiens,unknown,f,left,2
,8254,Bombus,impatiens,unknown,f,right,2
,8255,Bombus,impatiens,unknown,f,left,2
,8255,Bombus,impatiens,unknown,f,right,2
,8257,Ceratina,calcarata,unknown,f,left,4
,8257,Ceratina,calcarata,unknown,f,right,4
,8258,Agapostemon,virescens,unknown,f,left,2.5
,8258,Agapostemon,virescens,unknown,f,right,2.5
,8259,Agapostemon,virescens,unknown,f,left,2.5
,8259,Agapostemon,virescens,unknown,f,right,2.5
,826,Lasioglossum,coriaceum,unknown,f,left,3.2
,826,Lasioglossum,coriaceum,unknown,f,right,3.2
,8260,Agapostemon,virescens,unknown,f,left,2.5
,8260,Agapostemon,virescens,unknown,f,right,2.5
,8261,Agapostemon,virescens,unknown,f,left,2.5
,8261,Agapostemon,virescens,unknown,f,right,2.5
,8262,Agapostemon,virescens,unknown,f,left,2.5
,8262,Agapostemon,virescens,unknown,f,right,2.5
,8263,Agapostemon,virescens,unknown,f,left,2.5
,8263,Agapostemon,virescens,unknown,f,right,2.5
,8265,Agapostemon,virescens,unknown,f,left,2.5
,8265,Agapostemon,virescens,unknown,f,right,2.5
,8266,Agapostemon,virescens,unknown,f,left,2.5
,8266,Agapostemon,virescens,unknown,f,right,2.5
,8298,Bombus,impatiens,unknown,f,left,2
,8298,Bombus,impatiens,unknown,f,right,2
,8300,Agapostemon,virescens,unknown,f,left,2.5
,8300,Agapostemon,virescens,unknown,f,right,2.5
,8311,Ceratina,calcarata,unknown,f,left,4
,8311,Ceratina,calcarata,unknown,f,right,4
,8334,Ceratina,calcarata,unknown,f,left,4
,8334,Ceratina,calcarata,unknown,f,right,4
,8335,Ceratina,calcarata,unknown,f,left,4
,8335,Ceratina,calcarata,unknown,f,right,4
,8336,Ceratina,calcarata,unknown,f,left,4
,8336,Ceratina,calcarata,unknown,f,right,4
,8350,Agapostemon,virescens,unknown,f,right,2.5
,8353,Agapostemon,virescens,unknown,f,left,2.5
,8353,Agapostemon,virescens,unknown,f,right,2.5
,8354,Agapostemon,virescens,unknown,f,left,2.5
,8354,Agapostemon,virescens,unknown,f,right,2.5
,836,Agapostemon,sericeus,unknown,f,left,3.2
,836,Agapostemon,sericeus,unknown,f,right,3.2
,839,Agapostemon,texanus,unknown,f,left,3.2
,839,Agapostemon,texanus,unknown,f,right,3.2
,84,Lasioglossum,MAWIspB,unknown,f,left,4
,84,Lasioglossum,MAWIspB,unknown,f,right,4
,840,Agapostemon,texanus,unknown,f,left,3.2
,840,Agapostemon,texanus,unknown,f,right,3.2
,842,Agapostemon,texanus,unknown,f,left,3.2
,842,Agapostemon,texanus,unknown,f,right,3.2
,8482,Ceratina,calcarata,unknown,f,left,4
,8482,Ceratina,calcarata,unknown,f,right,4
,8483,Ceratina,calcarata,unknown,f,left,4
,8483,Ceratina,calcarata,unknown,f,right,4
,8485,Ceratina,calcarata,unknown,f,left,4
,8485,Ceratina,calcarata,unknown,f,right,4
,8486,Ceratina,calcarata,unknown,f,left,4
,8486,Ceratina,calcarata,unknown,f,right,4
,8487,Ceratina,calcarata,unknown,f,left,4
,8487,Ceratina,calcarata,unknown,f,right,4
,8488,Ceratina,calcarata,unknown,f,left,4
,8488,Ceratina,calcarata,unknown,f,right,4
,8489,Ceratina,calcarata,unknown,f,left,4
,8490,Ceratina,calcarata,unknown,f,left,4
,8490,Ceratina,calcarata,unknown,f,right,4
,8491,Ceratina,calcarata,unknown,f,left,4
,8491,Ceratina,calcarata,unknown,f,right,4
,8492,Ceratina,calcarata,unknown,f,right,4
,8493,Ceratina,calcarata,unknown,f,left,4
,8493,Ceratina,calcarata,unknown,f,right,4
,8494,Ceratina,calcarata,unknown,f,left,4
,8494,Ceratina,calcarata,unknown,f,right,4
,8495,Ceratina,calcarata,unknown,f,left,4
,8495,Ceratina,calcarata,unknown,f,right,4
,85,Lasioglossum,rohweri,unknown,f,left,4
,85,Lasioglossum,rohweri,unknown,f,right,4
,852,Agapostemon,sericeus,unknown,f,left,3.2
,852,Agapostemon,sericeus,unknown,f,right,3.2
,853,Agapostemon,sericeus,unknown,f,left,3.2
,853,Agapostemon,sericeus,unknown,f,right,3.2
,854,Agapostemon,texanus,unknown,f,left,3.2
,854,Agapostemon,texanus,unknown,f,right,3.2
,8540,Bombus,impatiens,unknown,f,left,2
,8540,Bombus,impatiens,unknown,f,right,2
,8554,Bombus,impatiens,unknown,f,left,1.6
,8554,Bombus,impatiens,unknown,f,right,1.6
,8583,Agapostemon,virescens,unknown,f,left,2.5
,8583,Agapostemon,virescens,unknown,f,right,2.5
,859,Agapostemon,sericeus,unknown,f,left,3.2
,859,Agapostemon,sericeus,unknown,f,right,3.2
,8595,Bombus,impatiens,unknown,f,left,2
,8595,Bombus,impatiens,unknown,f,right,2
,8637,Bombus,impatiens,unknown,f,left,2.5
,8637,Bombus,impatiens,unknown,f,left,3.2
,8637,Bombus,impatiens,unknown,f,right,2.5
,866,Agapostemon,texanus,unknown,f,left,3.2
,866,Agapostemon,texanus,unknown,f,right,3.2
,8683,Bombus,impatiens,unknown,m,left,2
,8683,Bombus,impatiens,unknown,m,right,2
,8697,Ceratina,calcarata,unknown,f,left,4
,8697,Ceratina,calcarata,unknown,f,right,4
,87,Lasioglossum,pilosum,unknown,f,left,4
,87,Lasioglossum,pilosum,unknown,f,right,4
,8706,Bombus,impatiens,unknown,f,left,2
,8706,Bombus,impatiens,unknown,f,right,2
,8707,Bombus,impatiens,unknown,f,left,2
,8707,Bombus,impatiens,unknown,f,right,2
,871,Agapostemon,sericeus,unknown,f,left,3.2
,871,Agapostemon,sericeus,unknown,f,right,3.2
,8711,Agapostemon,virescens,unknown,f,left,2.5
,8711,Agapostemon,virescens,unknown,f,right,2.5
,873,Agapostemon,texanus,unknown,f,left,3.2
,873,Agapostemon,texanus,unknown,f,right,3.2
,8745,Bombus,impatiens,unknown,f,left,1.6
,8745,Bombus,impatiens,unknown,f,right,1.6
,8746,Bombus,griseocolis,unknown,f,left,2
,8746,Bombus,griseocolis,unknown,f,right,2
,8747,Bombus,impatiens,unknown,f,left,2
,8747,Bombus,impatiens,unknown,f,right,2
,8748,Bombus,impatiens,unknown,f,left,2
,8748,Bombus,impatiens,unknown,f,right,2
,8749,Bombus,impatiens,unknown,f,left,2.5
,8749,Bombus,impatiens,unknown,f,right,2.5
,8752,Agapostemon,virescens,unknown,f,left,2.5
,8752,Agapostemon,virescens,unknown,f,right,2.5
,88,Lasioglossum,pilosum,unknown,f,left,4
,88,Lasioglossum,pilosum,unknown,f,right,4
,8815,Agapostemon,virescens,unknown,f,left,2.5
,8815,Agapostemon,virescens,unknown,f,right,2.5
,8818,Agapostemon,virescens,unknown,f,left,2.5
,8818,Agapostemon,virescens,unknown,f,right,2.5
,8854,Bombus,impatiens,unknown,f,left,2
,8854,Bombus,impatiens,unknown,f,right,2
,8859,Bombus,impatiens,unknown,f,left,2
,8859,Bombus,impatiens,unknown,f,right,2
,886,Agapostemon,sericeus,unknown,f,left,3.2
,886,Agapostemon,sericeus,unknown,f,right,3.2
,8863,Ceratina,calcarata,unknown,f,left,4
,895,Lasioglossum,acuminatum,unknown,f,left,3.2
,895,Lasioglossum,acuminatum,unknown,f,right,3.2
,896,Lasioglossum,acuminatum,unknown,f,left,3.2
,896,Lasioglossum,acuminatum,unknown,f,left,4
,896,Lasioglossum,acuminatum,unknown,f,right,3.2
,8965,Agapostemon,virescens,unknown,f,left,2.5
,8965,Agapostemon,virescens,unknown,f,right,2.5
,897,Lasioglossum,acuminatum,unknown,f,left,3.2
,897,Lasioglossum,acuminatum,unknown,f,right,3.2
,898,Lasioglossum,acuminatum,unknown,f,right,3.2
,899,Lasioglossum,acuminatum,unknown,f,left,3.2
,899,Lasioglossum,acuminatum,unknown,f,right,3.2
,9,Lasioglossum,zonulum,unknown,f,left,3.2
,9,Lasioglossum,zonulum,unknown,f,right,3.2
,900,Lasioglossum,acuminatum,unknown,f,left,3.2
,900,Lasioglossum,acuminatum,unknown,f,right,3.2
,9003,Bombus,impatiens,unknown,f,left,2.5
,9003,Bombus,impatiens,unknown,f,right,2.5
,902,Lasioglossum,acuminatum,unknown,f,left,3.2
,902,Lasioglossum,acuminatum,unknown,f,right,3.2
,903,Lasioglossum,acuminatum,unknown,f,left,3.2
,903,Lasioglossum,acuminatum,unknown,f,right,3.2
,904,Lasioglossum,acuminatum,unknown,f,left,3.2
,904,Lasioglossum,acuminatum,unknown,f,right,3.2
,9045,Bombus,bimaculata,unknown,f,left,1.6
,9045,Bombus,bimaculata,unknown,f,right,1.6
,907,Lasioglossum,acuminatum,unknown,f,left,3.2
,907,Lasioglossum,acuminatum,unknown,f,right,3.2
,908,Lasioglossum,acuminatum,unknown,f,left,3.2
,908,Lasioglossum,acuminatum,unknown,f,right,3.2
,9088,Bombus,impatiens,unknown,f,left,1.6
,9088,Bombus,impatiens,unknown,f,right,1.6
,909,Lasioglossum,acuminatum,unknown,f,left,3.2
,909,Lasioglossum,acuminatum,unknown,f,right,4
,910,Bombus,griseocolis,unknown,f,left,1.6
,910,Bombus,griseocolis,unknown,f,right,1.6
,910,Lasioglossum,acuminatum,unknown,f,right,3.2
,911,Lasioglossum,acuminatum,unknown,f,left,3.2
,911,Lasioglossum,acuminatum,unknown,f,right,3.2
,912,Lasioglossum,acuminatum,unknown,f,left,3.2
,912,Lasioglossum,acuminatum,unknown,f,right,3.2
,913,Lasioglossum,leucozonium,unknown,f,left,3.2
,913,Lasioglossum,leucozonium,unknown,f,right,3.2
,9151,Bombus,impatiens,unknown,f,left,2
,9151,Bombus,impatiens,unknown,f,right,2
,9152,Bombus,impatiens,unknown,f,left,2
,9152,Bombus,impatiens,unknown,f,right,2
,925,Lasioglossum,rohweri,unknown,f,left,4
,925,Lasioglossum,rohweri,unknown,f,right,4
,930,Lasioglossum,nymphaerum,unknown,f,a,4
,942,Lasioglossum,rohweri,unknown,f,left,4
,947,Lasioglossum,MAWIspB,unknown,f,left,4
,947,Lasioglossum,MAWIspB,unknown,f,right,4
,948,Lasioglossum,pilosum,unknown,f,left,4
,948,Lasioglossum,pilosum,unknown,f,right,4
,950,Lasioglossum,MAWIspB,unknown,f,left,4
,950,Lasioglossum,MAWIspB,unknown,f,right,4
,951,Lasioglossum,pilosum,unknown,f,left,4
,951,Lasioglossum,pilosum,unknown,f,right,4
,952,Lasioglossum,pilosum,unknown,f,left,4
,953,Lasioglossum,pilosum,unknown,f,left,4
,953,Lasioglossum,pilosum,unknown,f,right,4
,956,Lasioglossum,pilosum,unknown,f,left,4
,956,Lasioglossum,pilosum,unknown,f,right,4
,957,Lasioglossum,pilosum,unknown,f,left,4
,959,Bombus,bimaculata,unknown,f,left,1.6
,959,Bombus,bimaculata,unknown,f,right,1.6
,964,Lasioglossum,zonulum,unknown,f,left,3.2
,964,Lasioglossum,zonulum,unknown,f,left,4
,964,Lasioglossum,zonulum,unknown,f,right,4